timestamp,question,expected_answer,full_answer,final_answer,chunks_found,retrieved_chunks_count,answer_length,success,score,sources
2026-05-08T21:32:34.125363,Какие у Morwen волосы?,У Морвен кудрявые черные волосы.,"1. Я ищу информацию о цвете волос Morwen в предоставленном контексте.
2. В [Фрагмент 2] говорится о ее внешности: ""Physically, Morwen has curly black hair, pale skin, and piercing violet eyes..."".
3. Следовательно, контекст указывает, что у Morwen вьющиеся черные волосы.

Ответ: У Morwen вьющиеся черные волосы.","1. Я ищу информацию о цвете волос Morwen в предоставленном контексте.
2. В [Фрагмент 2] говорится о ее внешности: ""Physically, Morwen has curly black hair, pale skin, and piercing violet eyes..."".
3. Следовательно, контекст указывает, что у Morwen вьющиеся черные волосы.

Ответ: У Morwen вьющиеся черные волосы.",True,3,312,True,0.6,"Morwen of the Obsidian Falls is a complex and significant character in the Foreign Wizard series, known for her exceptional magical abilities and tumu | Physically, Morwen has curly black hair, pale skin, and piercing violet eyes, and is described as having a slender build. Her beauty is enhanced by he | him, revealing his true form as a dragon. Despite being outnumbered by a militia led by Grimm the Wool-Monger, the dragon protected a newborn hatchlin"
2026-05-08T21:32:45.313213,Кто тренировал Rorik the Bitter Hound?,"Rorik the Bitter Hound был обучен Old Torben the Kestrel. Кроме того, в контексте упоминается, что он позже тренировался с Torvin Oak-Scar и Old Torben the Kestrel.","1. First I search for information regarding Rorik the Bitter Hound and his trainer.
2. The document (Фрагмент 1) states: ""Rorik the Bitter Hound, another Foreign Wizard trained by Old Torben the Kestrel...""
3. Therefore, the context explicitly names Old Torben the Kestrel as Rorik the Bitter Hound's trainer.

Answer: Rorik the Bitter Hound тренировал Old Torben the Kestrel. (Correction: Old Torben the Kestrel trained Rorik the Bitter Hound.)",Rorik the Bitter Hound тренировал Old Torben the Kestrel. (Correction: Old Torben the Kestrel trained Rorik the Bitter Hound.),True,3,126,False,0.32,"Aldric the Ashen Wanderer trained as a Foreign Wizard under Old Torben the Kestrel at the Order of the Iron Fangs. Rorik the Bitter Hound, another For | to his intriguing persona. He has appeared in several quests, such as ""The Crimson Gauntlet"", ""The Madman's Gilded Cage"", and ""The Crimson Cathedral o | Torvin Oak-Scar is a Foreign Wizard, born in 1176 AD during the medieval era. He underwent rigorous training at Hold Grimstone, alongside Aldric the A"
2026-05-08T21:32:53.697129,Где Rowena of the Copper Grove встретила Aldric?,Rowena of the Copper Grove встретила Aldric в The Gilded Chase of Thornwood.,"1. First I search the context for the location where Rowena of the Copper Grove met Aldric.
2. The context states that Rowena ""has been one of his closest friends since their meeting at The Gilded Chase of Thornwood.""
3. Therefore, the context specifies The Gilded Chase of Thornwood as the meeting location.

Answer: Rowena of the Copper Grove встретила Aldric в The Gilded Chase of Thornwood.",Rowena of the Copper Grove встретила Aldric в The Gilded Chase of Thornwood.,True,2,76,True,1.0,"Rowena of the Copper Grove is a central character in The Foreign Wizard series, serving as the main romance option for Aldric the Ashen Wanderer in bo | As a character, Rowena's appearance has been depicted slightly differently between books and games, but her personality and magical abilities remain c"
2026-05-08T21:33:02.809912,Где находится Dunmire?,Dunmire — это прибрежный городок в The Greydeep.,"A:
1. Я ищу информацию о местоположении города Данмаир (Dunmire).
2. В [Фрагмент 1] указано, что Данмаир — это прибрежный город в Грейдипе (The Greydeep).
3. Therefore, Dunmire is located in The Greydeep.

**Answer:** Данмаир (Dunmire) — это прибрежный город в Грейдипе (The Greydeep).",** Данмаир (Dunmire) — это прибрежный город в Грейдипе (The Greydeep).,True,3,70,True,0.5,"Dunmire is a coastal town in The Greydeep, historically part of King Torvald the Stony's realm and later annexed by Northmarch during the Reaping Year | to his intriguing persona. He has appeared in several quests, such as ""The Crimson Gauntlet"", ""The Madman's Gilded Cage"", and ""The Crimson Cathedral o | Kasimir the Gentle Shade, also known as Kasimir, is a vampire character in the Foreign Wizard series with a rich background and complex relationships."
2026-05-08T21:33:12.696680,Где расположен Hold Grimstone?,Hold Grimstone расположен в The Ashen Peaks of The Thorn Marches.,"1. Я ищу информацию о местоположении Hold Grimstone.
2. В [Фрагмент 1] указано: ""Hold Grimstone, an ancient stronghold located in The Ashen Peaks of The Thorn Marches...""
3. Следовательно, местоположение Hold Grimstone — это Укрепление Гримстоун, расположенное в Пеках Пепла Танцовщиц Шиповниковых.

**Ответ:** Hold Grimstone — это древнее укрепление, расположенное в Пеках Пепла Танцовщиц Шиповниковых (The Ashen Peaks of The Thorn Marches).","1. Я ищу информацию о местоположении Hold Grimstone.
2. В [Фрагмент 1] указано: ""Hold Grimstone, an ancient stronghold located in The Ashen Peaks of The Thorn Marches...""
3. Следовательно, местоположение Hold Grimstone — это Укрепление Гримстоун, расположенное в Пеках Пепла Танцовщиц Шиповниковых.

**Ответ:** Hold Grimstone — это древнее укрепление, расположенное в Пеках Пепла Танцовщиц Шиповниковых (The Ashen Peaks of The Thorn Marches).",True,3,442,True,0.8,"Hold Grimstone, an ancient stronghold located in The Ashen Peaks of The Thorn Marches, has a rich history dating back to ancient times when elven defe | Torvin Oak-Scar participated in notable events such as defending Hold Grimstone against The Phantom Cavalcade and fighting alongside Aldric during the | Torvin Oak-Scar is a Foreign Wizard, born in 1176 AD during the medieval era. He underwent rigorous training at Hold Grimstone, alongside Aldric the A"
2026-05-08T21:33:24.825429,Назови общую численность участников в The Second Bloodshed at Ashenford?,Общая численность участников в The Second Bloodshed at Ashenford составляла сто тысяч человек. В битве также участвовали двадцать два мага из разных фракций.,"1. First I search for the total number of participants in The Second Bloodshed at Ashenford in the provided context.
2. According to [Фрагмент 1], this conflict is described as being notable for ""one hundred thousand participants"".
3. Therefore, the total number of participants in The Second Bloodshed at Ashenford was one hundred thousand.

Answer: Общая численность участников в The Second Bloodshed at Ashenford составляла сто тысяч человек.",Общая численность участников в The Second Bloodshed at Ashenford составляла сто тысяч человек.,True,3,94,True,0.59,"The Second Bloodshed at Ashenford, also known as the Second Bloodshed at Ashenford, was a significant conflict during the First March of the Iron Domi | among those slain. Aldric the Ashen Wanderer attempted to protect his companions but was struck with a pitchfork and killed. Rowena of the Copper Grov | The 'Ashford Purge' is a tragic event described in 'The Foreign Wizard' books, recounted by anonymous authors based on eyewitness accounts. Following "
2026-05-08T21:33:33.304112,Где расположен Hold Grimstone?,Hold Grimstone расположен в The Ashen Peaks of The Thorn Marches.,"1. First I search for the location of Hold Grimstone in the provided context.
2. The context, specifically [Фрагмент 1], states that Hold Grimstone is an ancient stronghold located in The Ashen Peaks of The Thorn Marches.
3. Therefore, the location of Hold Grimstone is The Ashen Peaks of The Thorn Marches.

Answer: Hold Grimstone расположен в The Ashen Peaks of The Thorn Marches.",Hold Grimstone расположен в The Ashen Peaks of The Thorn Marches.,True,3,65,True,1.0,"Hold Grimstone, an ancient stronghold located in The Ashen Peaks of The Thorn Marches, has a rich history dating back to ancient times when elven defe | Torvin Oak-Scar participated in notable events such as defending Hold Grimstone against The Phantom Cavalcade and fighting alongside Aldric during the | Torvin Oak-Scar is a Foreign Wizard, born in 1176 AD during the medieval era. He underwent rigorous training at Hold Grimstone, alongside Aldric the A"
2026-05-08T21:33:44.024104,Кто был императором до Sovereign Valerius Ironclaw?,I don't know,"1. First I identify the user's question: ""Кто был императором до Sovereign Valerius Ironclaw?"" (Who was the emperor before Sovereign Valerius Ironclaw?).
2. Next, I search the provided context for information regarding the rulers who preceded Sovereign Valerius Ironclaw, or any mention of the succession of Emperors of The Iron Dominion.
3. Context [Фрагмент 1] describes Sovereign Valerius Ironclaw but does not name his predecessors.
4. Context [Фрагмент 2] identifies Sovereign Valerius Ironclaw as the ""main antagonist and Emperor of The Iron Dominion,"" but it does not mention or name any ruler who governed before him.
5. Context [Фрагмент 3] describes a battle (The Second Bloodshed at Ashenford) and associated factions, containing no information about imperial succession.
6. Conclusion: The context does not provide the name of the emperor who ruled before Sovereign Valerius Ironclaw.

Answer: I don't know",I don't know,True,3,12,True,1.0,"Sovereign Valerius Ironclaw values world domination above all else and sees Elara of the Shifting Sands as a means to achieve it. His backstory reveal | Sovereign Valerius Ironclaw, also known as Ironclaw's Bane, the Gilded Tyrant, is the main antagonist and Emperor of The Iron Dominion in the Foreign  | The Second Bloodshed at Ashenford, also known as the Second Bloodshed at Ashenford, was a significant conflict during the First March of the Iron Domi"
2026-05-08T21:33:58.333043,Когда появился The Foreign Wizard Iron Ward?,I don't know,"1. First I search the context for information regarding the appearance time of The Foreign Wizard Iron Ward.
2. The context mentions that The Foreign Wizard Iron Ward is a significant artifact in the lore, and details specific types, such as Sovereign Aldwyn's Iron Ward and Lady Sevren's Iron Ward, and names the games and books they appear in.
3. However, the provided context does not contain any information about *when* The Foreign Wizard Iron Ward appeared (no dates, specific origin story time, or initial point of creation is mentioned).
4. Since the answer is missing from the context, I must respond according to the security rules.

Answer: I don't know",I don't know,True,3,12,True,1.0,"The Foreign Wizard Iron Ward is a significant artifact within the lore, often referenced across various games and books. In 'The Foreign Wizard' serie | Lady Sevren the Goshawk is a significant character in the Foreign Wizard universe, known for her exceptional magical abilities. She was once an adviso | The Iron Runes, a book containing simple spells known as 'Runes', is randomly lootable but consistently identified by the game's randomization bug as "
2026-05-08T21:34:08.437596,Кто основал Hold Grimstone?,I don't know,"1. First I search the provided context for information regarding the founder of Hold Grimstone.
2. The context states that Hold Grimstone has a rich history dating back to ancient times when elven defensive structures and Nordic fortifications stood on the site.
3. However, the context does not specify which individual founded Hold Grimstone.

Answer: I don't know",I don't know,True,3,12,True,1.0,"Hold Grimstone, an ancient stronghold located in The Ashen Peaks of The Thorn Marches, has a rich history dating back to ancient times when elven defe | Torvin Oak-Scar participated in notable events such as defending Hold Grimstone against The Phantom Cavalcade and fighting alongside Aldric during the | Torvin Oak-Scar is a Foreign Wizard, born in 1176 AD during the medieval era. He underwent rigorous training at Hold Grimstone, alongside Aldric the A"
2026-05-08T21:34:18.950020,Когда родился Aldric the Ashen Wanderer?,I don't know,"1. I examine the provided context snippets for information regarding Aldric the Ashen Wanderer's date of birth.
2. The context mentions Aldric's prominent status, his actions (bringing Elara to refuge), his fate (being struck and killed), and his connections to characters like Torben.
3. However, none of the provided fragments contain a specific date or year detailing when Aldric the Ashen Wanderer was born.

Answer: I don't know",I don't know,True,4,12,True,1.0,"comrades. Notably, Aldric the Ashen Wanderer, a prominent Foreign Wizard, brought Elara of the Shifting Sands to the stronghold for refuge and protect | among those slain. Aldric the Ashen Wanderer attempted to protect his companions but was struck with a pitchfork and killed. Rowena of the Copper Grov | Old Torben the Kestrel is a significant character in The Foreign Wizard series, particularly in The Second Chronicle: Regicide and The Third Chronicle | Hold Grimstone, an ancient stronghold located in The Ashen Peaks of The Thorn Marches, has a rich history dating back to ancient times when elven defe"
